{"cameraMode":{"drawMode":0,"name":"Shaded","section":"Shading Mode"},"sceneLighting":false,"audioPlay":false,"sceneViewState":{"m_AlwaysRefresh":false,"showFog":true,"showSkybox":false,"showFlares":true,"showImageEffects":true,"showParticleSystems":true,"showVisualEffectGraphs":true,"m_FxEnabled":true},"in2DMode":false,"pivot":{"x":13.180754661560059,"y":1.9872524738311768,"z":12.661111831665039},"rotation":{"x":-0.050102200359106067,"y":0.5145400762557983,"z":0.030134962871670724,"w":0.8554702401161194},"size":3.672062873840332,"orthographic":false}