{"cameraMode":{"drawMode":0,"name":"Shaded","section":"Shading Mode"},"sceneLighting":true,"audioPlay":false,"sceneViewState":{"m_AlwaysRefresh":false,"showFog":true,"showSkybox":true,"showFlares":true,"showImageEffects":true,"showParticleSystems":true,"showVisualEffectGraphs":true,"m_FxEnabled":true},"in2DMode":false,"pivot":{"x":-1.896098256111145,"y":1.2118159532546998,"z":22.385452270507814},"rotation":{"x":-0.10030663758516312,"y":0.02000904642045498,"z":-0.0020187702029943468,"w":-0.9947454929351807},"size":16.954944610595704,"orthographic":false}